u1:phone stand, so that my phone can be propped up at an angle.
u9:support to hold up a small media device such as a phone.
u14:phone stand.
u16:key ring.
u23:attach to the string used to turn on lights.
u32:phone stand.
u1:thumb ring.
u9:grooming device to keep the cuticles clean and maintained.
u3:jewelry (bracelet/necklace).
u3:hair tie alternative to secure hair.
u3: key holder ring.
u11:paper clip necklace.
u15:chain necklace or bracelet.
u18:hook to recover stuck items.
u19:elegant earring.
u20:ring holder.
u25:jewelry.
u28:bobby pin.
u30:necklace extender.
u14:belt.
u2:larger pull piece on a zipper.
u6:bookmark.
u6:twist tie - seal plastic bags.
u6:tweezers - bend the paper clip into two equal halves.
u7:can be used as a cutter or as a scraper.
u8:paperclip fork.
u8:paperclip pencil.
u8:paperclip screwdriver.
u10:as a way to hold light stuff such as paper or photos across a string.
u10:to clean small areas.
u11:shape and open phone sim tray.
u13:sim card tool.
u13:toothpick.
u19:armature for a clay sculpture.
u21:spring.
u21:bread bag tie.
u21:hook for ornaments.
u24:bookmark.
u26:coiled into a spring.
u26:sim ejector tool.
u27:bookmark.
u27:tablet holder.
u29:mark locations on the globe.
u29:note holder.
u31:chain.
u31:picture holder.
u31:paperclip ruler.
u33:binder for paper.
u4:hook adapter for broom.
u4:use as a zipper pull tab.
u4:wire tie for rope.
u5:putting to another use as a chip bag clip.
u5:putting it to another use by using it as a hair tie.
u5:using it as a tie clip.
u22:chip bag clip.
u22:food bag tie.
u22:key ring.
u33:hat hanger.
u12:use the paperclip as conductive wire.
u12:use the paperclip as a hook.
u17:fishing hook.
